{
  "total_steps": 295,
  "final_reward": 0.2599999994039536,
  "mean_reward": 0.060635592924209954,
  "std_reward": 0.20717203512511415,
  "best_reward": 0.40499999523162844,
  "worst_reward": -0.4524999916553497,
  "trend": "\u2191 IMPROVING (+0.397)",
  "first_10_mean": -0.3412499904632568,
  "last_10_mean": 0.2962499976158142,
  "improvement": 0.637499988079071
}